Workbook

Sheet 总览
A1: 论文实验总览 / Experiment Dashboard
A3: Total Experiments | B3: =COUNTA(Experiment_Index!C2:C25) -> 24 | D3: Stage | E3: Stage Name | F3: Total | G3: Done | H3: In Progress | I3: Not Started | J3: Blocked | K3: Completion
A4: Done | B4: =COUNTIF(Experiment_Index!I2:I25,"Done") -> 1 | D4: 0 | E4: 环境与最小闭环 | F4: =COUNTIF(Experiment_Index!$A$2:$A$25,D4) -> 3 | G4: =COUNTIFS(Experiment_Index!$A$2:$A$25,D4,Experiment_Index!$I$2:$I$25,"Done") -> 1 | H4: =COUNTIFS(Experiment_Index!$A$2:$A$25,D4,Experiment_Index!$I$2:$I$25,"In Progress") -> 1 | I4: =COUNTIFS(Experiment_Index!$A$2:$A$25,D4,Experiment_Index!$I$2:$I$25,"Not Started") -> 1 | J4: =COUNTIFS(Experiment_Index!$A$2:$A$25,D4,Experiment_Index!$I$2:$I$25,"Blocked") -> 0 | K4: =IF(F4=0,0,G4/F4) -> 0.33333333
A5: In Progress | B5: =COUNTIF(Experiment_Index!I2:I25,"In Progress") -> 1 | D5: 1 | E5: YOLO baseline + 信息熵裁剪 | F5: =COUNTIF(Experiment_Index!$A$2:$A$25,D5) -> 7 | G5: =COUNTIFS(Experiment_Index!$A$2:$A$25,D5,Experiment_Index!$I$2:$I$25,"Done") -> 0 | H5: =COUNTIFS(Experiment_Index!$A$2:$A$25,D5,Experiment_Index!$I$2:$I$25,"In Progress") -> 0 | I5: =COUNTIFS(Experiment_Index!$A$2:$A$25,D5,Experiment_Index!$I$2:$I$25,"Not Started") -> 7 | J5: =COUNTIFS(Experiment_Index!$A$2:$A$25,D5,Experiment_Index!$I$2:$I$25,"Blocked") -> 0 | K5: =IF(F5=0,0,G5/F5) -> 0
A6: Blocked | B6: =COUNTIF(Experiment_Index!I2:I25,"Blocked") -> 0 | D6: 2 | E6: HLS核心算子流式重构 | F6: =COUNTIF(Experiment_Index!$A$2:$A$25,D6) -> 6 | G6: =COUNTIFS(Experiment_Index!$A$2:$A$25,D6,Experiment_Index!$I$2:$I$25,"Done") -> 0 | H6: =COUNTIFS(Experiment_Index!$A$2:$A$25,D6,Experiment_Index!$I$2:$I$25,"In Progress") -> 0 | I6: =COUNTIFS(Experiment_Index!$A$2:$A$25,D6,Experiment_Index!$I$2:$I$25,"Not Started") -> 6 | J6: =COUNTIFS(Experiment_Index!$A$2:$A$25,D6,Experiment_Index!$I$2:$I$25,"Blocked") -> 0 | K6: =IF(F6=0,0,G6/F6) -> 0
A7: Critical | B7: =COUNTIF(Experiment_Index!J2:J25,"Critical") -> 11 | D7: 3 | E7: 消融 + Pareto + SOTA | F7: =COUNTIF(Experiment_Index!$A$2:$A$25,D7) -> 5 | G7: =COUNTIFS(Experiment_Index!$A$2:$A$25,D7,Experiment_Index!$I$2:$I$25,"Done") -> 0 | H7: =COUNTIFS(Experiment_Index!$A$2:$A$25,D7,Experiment_Index!$I$2:$I$25,"In Progress") -> 0 | I7: =COUNTIFS(Experiment_Index!$A$2:$A$25,D7,Experiment_Index!$I$2:$I$25,"Not Started") -> 5 | J7: =COUNTIFS(Experiment_Index!$A$2:$A$25,D7,Experiment_Index!$I$2:$I$25,"Blocked") -> 0 | K7: =IF(F7=0,0,G7/F7) -> 0
A8: Completion Rate | B8: =IF(B3=0,0,B4/B3) -> 0.041666667 | D8: 4 | E8: 论文证据包 | F8: =COUNTIF(Experiment_Index!$A$2:$A$25,D8) -> 3 | G8: =COUNTIFS(Experiment_Index!$A$2:$A$25,D8,Experiment_Index!$I$2:$I$25,"Done") -> 0 | H8: =COUNTIFS(Experiment_Index!$A$2:$A$25,D8,Experiment_Index!$I$2:$I$25,"In Progress") -> 0 | I8: =COUNTIFS(Experiment_Index!$A$2:$A$25,D8,Experiment_Index!$I$2:$I$25,"Not Started") -> 3 | J8: =COUNTIFS(Experiment_Index!$A$2:$A$25,D8,Experiment_Index!$I$2:$I$25,"Blocked") -> 0 | K8: =IF(F8=0,0,G8/F8) -> 0
A11: 近期执行顺序（按论文证据链，不按兴趣）
A12: Order | B12: Experiment | C12: 必须完成的判断标准 | D12: 输出位置 | E12: 是否论文正式证据 | F12: 风险
A13: 1 | B13: exp00_cpp_python_conv_check | C13: MSE < 1e-15 或明确解释误差来源 | D13: 07_experiments/stage0... | E13: 间接证据 | F13: 低
A14: 2 | B14: exp02_hls_matrix_demo | C14: C Sim / C Synthesis / Cosim 至少前两项通过 | D14: 08_results/hls_reports/ | E14: 工具链证据 | F14: 中
A15: 3 | B15: exp10_yolo_baseline_100epochs | C15: 正式100 epochs训练，固定seed与配置 | D15: stage1/exp10... | E15: 正式证据 | F15: 高
A16: 4 | B16: exp12_entropy_score_calculation | C16: 每个分支有熵值、排序、阈值 | D16: 08_results/tables_raw/ | E16: 核心方法证据 | F16: 高
A17: 5 | B17: exp16_golden_data_export | C17: golden_input/output/weights有shape和checksum | D17: 05_golden_data/ | E17: HLS验证证据 | F17: 高
A18: 6 | B18: exp23_concat_conv_csim | C18: C++输出与golden_output逐元素对齐 | D18: stage2/exp23... | E18: 硬件正确性证据 | F18: 高

Sheet Experiment_Index
A1: Stage | B1: Stage Folder | C1: Exp ID | D1: Experiment Folder | E1: 中文名称 | F1: Purpose | G1: Start Date | H1: Due Date | I1: Status | J1: Priority | K1: Owner | L1: Input / Dependency | M1: Core Operation | N1: Expected Output | O1: Key Metrics | P1: Result Folder | Q1: Paper Evidence | R1: Notes
A2: 0 | B2: stage0_environment_validation | C2: exp00 | D2: exp00_cpp_python_conv_check | E2: C++/Python 3×3卷积对齐 | F2: 验证纯C++卷积与Python reference逐元素一致，建立算法到硬件前的最小可信闭环。 | G2: 46204 | H2: 46205 | I2: In Progress | J2: High | L2: Python reference；C++ conv；small matrix input | M2: 打印逐元素输出；计算MSE；固定输入矩阵和权重 | N2: cpp_output.txt；python_output.txt；mse_log.txt；README.md | O2: MSE；max_abs_error；是否逐元素一致 | P2: 08_results/logs/ | Q2: Chapter 4 §4.1 Experimental Setup | R2: Day4实验应归入这里。
A3: 0 | B3: stage0_environment_validation | C3: exp01 | D3: exp01_yolo_training_smoke_test_epochs3 | E3: YOLO训练流程冒烟测试 | F3: 验证NEU-DET-YOLO数据格式、Ultralytics训练命令和环境可用性；不作为正式baseline。 | G3: 46203 | H3: 46203 | I3: Done | J3: High | L3: NEU-DET-YOLO；yolov8n.pt | M3: 训练3 epochs；检查results.csv、weights、labels路径 | N3: best.pt；last.pt；results.csv；results.png；confusion_matrix.png | O3: mAP@0.5；loss趋势；是否正常生成权重 | P3: 07_experiments/stage0_environment_validation/exp01_yolo_training_smoke_test_epochs3_20260630/ | Q3: Not for paper baseline | R3: 已有 yolo_fpga_exp_epochs3，可复制归档，不建议作为正式baseline。
A4: 0 | B4: stage0_environment_validation | C4: exp02 | D4: exp02_hls_matrix_demo | E4: HLS官方矩阵乘法Demo | F4: 验证Vitis/Vivado HLS工具链、C Synthesis和C/RTL Cosimulation路径可用。 | G4: 46206 | H4: 46206 | I4: Not Started | J4: High | L4: Vivado/Vitis HLS demo project | M4: 运行C Simulation、C Synthesis、C/RTL Cosim | N4: csim.log；csynth.rpt；cosim.log；tool_version.md | O4: C Sim pass；C Synthesis pass；Cosim pass；target frequency | P4: 08_results/hls_reports/ | Q4: Chapter 4 §4.1 Experimental Setup | R4: 若Cosim失败，需记录报错原因。
A5: 1 | B5: stage1_algorithm_baseline_pruning | C5: exp10 | D5: exp10_yolo_baseline_100epochs | E5: 正式YOLOv8n Baseline训练 | F5: 建立NEU-DET上的正式检测基线，后续所有裁剪实验以此为参照。 | G5: 46210 | H5: 46214 | I5: Not Started | J5: Critical | L5: NEU-DET-YOLO；yolov8n.pt；data.yaml | M5: 训练100 epochs；固定batch、imgsz、seed；保存完整日志 | N5: best.pt；last.pt；results.csv；train_args.yaml；baseline_summary.md | O5: mAP@0.5；mAP@0.5:0.95；Params；FLOPs；Latency | P5: 07_experiments/stage1_algorithm_baseline_pruning/exp10_yolo_baseline_100epochs/ | Q5: Table 2 baseline；Chapter 4 §4.2 | R5: 必须固定seed和训练配置。
A6: 1 | B6: stage1_algorithm_baseline_pruning | C6: exp11 | D6: exp11_feature_map_hook | E6: FPN/PAN特征图Hook提取 | F6: 定位YOLO Neck关键融合层，提取跳连分支Feature Map，为信息熵计算提供输入。 | G6: 46215 | H6: 46217 | I6: Not Started | J6: High | L6: exp10 best.pt；validation images；hook script | M6: 注册forward hook；保存各分支tensor统计信息 | N6: feature_map_shapes.csv；sample_tensors.npy；hook_log.md | O6: layer name；C/H/W；tensor range；extraction success | P6: 08_results/metrics/ | Q6: Figure 2；Methodology §3.2 | R6: 不要直接保存过多npy，优先保存统计量。
A7: 1 | B7: stage1_algorithm_baseline_pruning | C7: exp12 | D7: exp12_entropy_score_calculation | E7: 信息熵分支贡献度计算 | F7: 按通道直方图估计空间信息熵，得到每条FPN跳连分支的信息量排序。 | G7: 46216 | H7: 46218 | I7: Not Started | J7: Critical | L7: exp11 feature maps | M7: 归一化到[0,1]；256-bin直方图；逐通道熵；分支均值 | N7: entropy_scores.csv；branch_ranking.xlsx；entropy_formula_note.md | O7: mean_entropy；std_entropy；branch rank；selected prune threshold | P7: 08_results/tables_raw/ | Q7: Algorithm 1；Formula (1)-(3)；Table 2 | R7: 记录epsilon、bin数、样本数量。
A8: 1 | B8: stage1_algorithm_baseline_pruning | C8: exp13 | D8: exp13_entropy_pruning_finetune | E8: 信息熵裁剪+Fine-tune | F8: 裁剪低信息量分支并微调，验证本文方法在精度损失可控下减少冗余融合路径。 | G8: 46218 | H8: 46222 | I8: Not Started | J8: Critical | L8: exp12 ranking；baseline weights；modified yolo.yaml | M8: 裁剪Q1以下分支；Fine-tune 50 epochs；记录最终指标 | N8: pruned_model.yaml；best.pt；results.csv；pruning_summary.md | O8: mAP@0.5；ΔmAP；FLOPs；Params；Feature Map movement reduction | P8: 07_experiments/stage1_algorithm_baseline_pruning/exp13_entropy_pruning_finetune/ | Q8: Table 2；Figure 2 | R8: 本文核心算法实验。
A9: 1 | B9: stage1_algorithm_baseline_pruning | C9: exp14 | D9: exp14_random_pruning_ablation | E9: 随机裁剪对照实验 | F9: 控制裁剪分支数量，与信息熵裁剪比较，排除随机删除带来的偶然性。 | G9: 46218 | H9: 46222 | I9: Not Started | J9: Medium | L9: baseline weights；same prune count | M9: 随机裁剪×3；每次Fine-tune；取均值和方差 | N9: random_run1/2/3 results；random_avg.csv | O9: mean mAP；std mAP；ΔmAP；FLOPs；Params | P9: 07_experiments/stage1_algorithm_baseline_pruning/exp14_random_pruning_ablation/ | Q9: Table 2 | R9: 必须至少3次，否则统计说服力弱。
A10: 1 | B10: stage1_algorithm_baseline_pruning | C10: exp15 | D10: exp15_l1_pruning_ablation | E10: L1范数裁剪对照实验 | F10: 以权重L1范数作为传统裁剪指标，验证信息熵指标是否更适合FPN分支选择。 | G10: 46218 | H10: 46222 | I10: Not Started | J10: Medium | L10: baseline weights；same prune count | M10: 计算分支相关卷积权重L1；裁剪最低分支；Fine-tune | N10: l1_scores.csv；l1_pruned_results.csv | O10: mAP@0.5；ΔmAP；FLOPs；Params | P10: 07_experiments/stage1_algorithm_baseline_pruning/exp15_l1_pruning_ablation/ | Q10: Table 2 | R10: 注意L1与分支Feature Map不是同一评价对象。
A11: 1 | B11: stage1_algorithm_baseline_pruning | C11: exp16 | D11: exp16_golden_data_export | E11: HLS黄金数据导出 | F11: 导出裁剪后融合层的输入、输出和权重，为HLS C Sim精度对齐提供标准答案。 | G11: 46223 | H11: 46224 | I11: Not Started | J11: Critical | L11: exp13 pruned model；fixed validation sample | M11: Hook融合层输入/输出；量化为16-bit定点文本；保存weights | N11: golden_input.txt；golden_output.txt；weights.txt；export_config.md | O11: shape一致；value range；quantization scale；checksum | P11: 05_golden_data/ | Q11: Chapter 3 §3.3；Chapter 4 §4.4 | R11: 文件名必须包含layer、shape、bitwidth。
A12: 2 | B12: stage2_hls_streaming_accelerator | C12: exp20 | D12: exp20_fixed_point_verification | E12: 定点化精度验证 | F12: 将float数据转换为ap_fixed<16,8>，验证量化误差在可接受范围。 | G12: 46225 | H12: 46228 | I12: Not Started | J12: Critical | L12: golden_input/output/weights | M12: float vs ap_fixed<16,8>；C Simulation；MSE对齐 | N12: fixed_point_error.csv；csim.log；quantization_note.md | O12: MSE；max_abs_error；overflow count；underflow count | P12: 07_experiments/stage2_hls_streaming_accelerator/exp20_fixed_point_verification/ | Q12: Chapter 3 §3.3；Figure 3 | R12: 阶段三会继续扫描位宽。
A13: 2 | B13: stage2_hls_streaming_accelerator | C13: exp21 | D13: exp21_line_buffer_test | E13: Line Buffer独立验证 | F13: 验证K-1行缓存与行滚动逻辑，避免在完整算子中混合定位错误。 | G13: 46229 | H13: 46231 | I13: Not Started | J13: High | L13: small matrix；Python sliding window reference | M13: 二维数组环形缓存；打印每个时刻buffer状态 | N13: line_buffer_trace.txt；line_buffer_check.md | O13: row shift correctness；edge handling；cycle count | P13: 07_experiments/stage2_hls_streaming_accelerator/exp21_line_buffer_test/ | Q13: Figure 6；Methodology §3.5 | R13: 先用5×5或6×6小矩阵。
... A25: 4 | B25: stage4_paper_evidence_pack | C25: exp42 | D25: exp42_claim_evidence_mapping | E25: 论文Claim-证据映射 | F25: 逐条检查论文主张是否都有实验或公式支撑，提前防御审稿人质疑。 | G25: 46270 | H25: 46277 | I25: Not Started | J25: Critical | L25: all final tables and figures | M25: 列出Claim；绑定表/图/公式/实验编号；检查证据缺口 | N25: claim_evidence_matrix.xlsx；reviewer_risk_list.md | O25: Claim count；evidence coverage；risk level | P25: 10_论文写作/修改记录/ | Q25: Introduction contributions；Discussion | R25: 这是写作阶段的质量控制表。

Sheet 字段说明
A1: 字段 | B1: 填写规则 | C1: 错误示例 | D1: 正确示例
A2: Stage | B2: 只能填0-4，对应论文路线阶段。 | C2: 阶段一 | D2: 1
A3: Stage Folder | B3: 必须英文路径，避免HLS/Python中文路径问题。 | C3: 阶段一_算法 | D3: stage1_algorithm_baseline_pruning
A4: Exp ID | B4: 同一阶段内递增编号；stage0用exp00起，stage1用exp10起。 | C4: 实验1 | D4: exp13
A5: Experiment Folder | B5: 英文小写+下划线；可包含epochs、bitwidth、日期。 | C5: 最终实验 | D5: exp13_entropy_pruning_finetune
A6: Status | B6: 使用下拉：Not Started / In Progress / Done / Blocked / Need Review / Archived。 | C6: 快做完了 | D6: In Progress
A7: Priority | B7: Critical表示论文核心证据；High表示强支撑；Medium/Low表示补充。 | C7: 重要 | D7: Critical
A8: Input / Dependency | B8: 写清依赖哪个实验输出，保证可复现。 | C8: 一些数据 | D8: exp10 best.pt；exp12 ranking
A9: Expected Output | B9: 写出具体文件名，不写抽象结果。 | C9: 实验结果 | D9: results.csv；csynth.rpt；mse_report.csv
A10: Key Metrics | B10: 写可量化指标，后续直接生成表格。 | C10: 效果好 | D10: mAP@0.5；LUT；DSP；Latency；II
A11: Paper Evidence | B11: 写论文中用作哪张表/图/章节。 | C11: 论文会用 | D11: Table 2；Figure 3；Chapter 4 §4.5

Sheet Lists
A1: Status | B1: Priority | C1: Stage | D1: Owner | E1: Evidence Type
A2: Not Started | B2: Critical | C2: 0 | D2: Yangyubo | E2: Table
A3: In Progress | B3: High | C3: 1 | D3: Advisor | E3: Figure
A4: Done | B4: Medium | C4: 2 | D4: TBD | E4: Formula
A5: Blocked | B5: Low | C5: 3 | D5: HLS | E5: Algorithm
A6: Need Review | C6: 4 | D6: Algorithm | E6: Text
A7: Archived
